Dimension,Backend,Time (ms)
2,python,0.8727679252624512
2,cpp,0.020872116088867188
3,python,0.8838489055633545
3,cpp,0.021149158477783203
5,python,0.8993470668792725
5,cpp,0.022730112075805664
10,python,0.9220190048217773
10,cpp,0.03219103813171387
20,python,1.023055076599121
20,cpp,0.06155705451965333
50,python,1.6412773132324219
50,cpp,0.33734703063964844
100,python,3.4103400707244873
100,cpp,1.8498518466949463
